New mode =, AverageTreeModel , dataset_limit=,50,estimation_limit=,200,estimation_dist=,1,estimation_min_group_size=,15,threshold_hit=,0,threshold_distance=,0.5,hit_score=,1,miss_score=,-4,hit_position=,0.5,miss_position=,0.9,nearest_sum_n=,8,queue_sum_n=,8,input_coef_avg_best=,0,output_size_avg_best=,1,random_sample_coef=,0.4,input_size_avg_worst=,10,output_coef_avg_worst=,0.4
1429.03
1430.54
1431.54
1432.59
1433.6
1434.6
1435.61
1436.61
1437.63
1438.96
1440.29
1441.29
1443.03
1444.39
1445.41
1446.41
1447.42
1448.42
1450.36
1451.49
1452.52
1453.54
1454.53,9.42729,0.368222,-0.165244
1455.66,9.28572,0.446103,-0.251184
1456.67
1457.7
1458.91,8.0883,-0.993518,-0.0516435
1459.94,9.11739,-1.07167,-0.0354144
1460.93
1461.93
1464.22
1466.51
1467.52
1468.62
1469.61
1470.62
1471.61
1474.1
1475.13
1476.12
1477.99
1479.05,4.23138,-0.935995,-0.0697282
1480.24
1481.24
1482.33
1483.32
1484.32,12.5063,-2.39871,-0.113944
1485.34
1486.77
1487.92
1488.97
1489.96,11.047,1.67614,-0.198497
1490.99,9.79159,0.696875,-0.101993
1491.99,9.79159,0.696875,-0.101993
1494.68,9.3702,1.98986,-0.00759242
1495.68
1496.86,3.14458,4.67677,-0.0212329
1497.85,3.14458,4.67677,-0.0212329
1498.86
1499.85
1500.85
1501.88
1503.18
1504.32
1505.32
1506.33
1507.32
1509.14
1510.12
1511.64
